{
  "stim1.mp4": [
    142.16170413165273,
    1.4344530127606598
  ],
  "stim2.mp4": [
    133.56927832539347,
    1.4245454538792952
  ],
  "stim3.mp4": [
    119.6058787593985,
    1.5298035049745575
  ],
  "stim4.mp4": [
    147.6426825842697,
    1.3587810237203493
  ],
  "stim5.mp4": [
    130.12982720582409,
    1.4110491896321096
  ],
  "stim6.mp4": [
    108.54053009537691,
    1.5013113970623027
  ],
  "stim7.mp4": [
    100.70057253086419,
    1.3398803875171472
  ],
  "stim8.mp4": [
    114.78406290112297,
    1.308716843552696
  ],
  "stim9.mp4": [
    132.56979157918525,
    1.1770518654600715
  ],
  "stim10.mp4": [
    100.2968843466685,
    1.2534583114773663
  ],
  "stim11.mp4": [
    139.6656317844722,
    1.0206023503852115
  ],
  "stim12.mp4": [
    149.07575312774352,
    1.4391312652424146
  ],
  "stim13.mp4": [
    133.74628713232883,
    1.3180215722427415
  ],
  "stim14.mp4": [
    136.1193678321298,
    1.2130195025717083
  ],
  "stim15.mp4": [
    136.93296564785777,
    1.3070985312899108
  ],
  "stim16.mp4": [
    135.80525941332377,
    1.414417739743722
  ]
}